City_ID,City,Lat,Lng,Max Temp,Humidity,Cloudiness,Wind Speed,Country,Date
0,kameyama,34.85,136.45,16.66,91,100,2.67,JP,1713210091
1,pyapon,16.2833,95.6833,28.02,68,0,4.12,MM,1713210092
2,san patricio,28.017,-97.5169,28.92,71,100,9.79,US,1713210092
3,edinburgh of the seven seas,-37.0676,-12.3116,15.23,65,15,6.01,SH,1713210092
4,grytviken,-54.2811,-36.5092,1.45,79,16,8.12,GS,1713209880
5,darwin,-12.4611,130.8418,26.99,80,98,2.57,AU,1713210093
6,luganville,-15.5333,167.1667,26.66,87,100,4.6,VU,1713210093
7,hawaiian paradise park,19.5933,-154.9731,25.5,86,0,2.68,US,1713210093
8,margaret river,-33.95,115.0667,12.73,88,0,3.43,AU,1713209983
9,lazaro cardenas,17.9583,-102.2,29.32,53,100,4.47,MX,1713210093
10,hithadhoo,-0.6,73.0833,28.57,79,100,2.39,MV,1713210093
11,mundri,-6.9558,111.71,24.15,94,73,2.18,ID,1713210094
12,waitangi,-43.9535,-176.5597,11.01,77,100,0.45,NZ,1713210094
13,skovorodino,53.9833,123.9167,-6.7,100,78,1.25,RU,1713210094
14,ushuaia,-54.8,-68.3,16.81,51,0,4.12,AR,1713210094
15,albany,42.6001,-73.9662,17.67,49,13,1.79,US,1713209938
16,kourou,5.1552,-52.6478,31.03,83,98,3.37,GF,1713210094
17,garachico,28.7781,-17.7646,20.06,83,0,1.54,ES,1713210094
18,xinzhi,36.4989,111.7047,13.79,28,35,1.88,CN,1713210094
19,port-aux-francais,-49.35,70.2167,5.21,79,82,16.48,TF,1713210095
20,lihue,21.9789,-159.3672,24.64,71,100,2.06,US,1713210095
21,phalaborwa,-23.943,31.1411,20.14,71,15,1.85,ZA,1713210095
22,bilibino,68.0546,166.4372,-19.91,95,100,1.64,RU,1713210095
23,novi ligure,44.7608,8.7896,16.71,86,17,3.71,IT,1713210095
24,kodiak,57.79,-152.4072,3.73,60,75,2.57,US,1713210095
25,yorkton,51.2167,-102.4677,12.91,35,100,10.29,CA,1713210095
26,atafu village,-8.5421,-172.5159,29.16,74,100,3.44,TK,1713210095
27,aasiaat,68.7098,-52.8699,-9.95,80,43,2.34,GL,1713210096
28,an nuhud,12.7,28.4333,26.56,12,53,5.86,SD,1713210096
29,badger,64.8,-147.5333,1.67,55,20,1.54,US,1713209937
30,laguna,38.421,-121.4238,18.5,62,40,4.63,US,1713210096
31,hami,42.8,93.45,17.12,14,6,3.16,CN,1713210096
32,stanley,54.868,-1.6985,7.01,75,40,6.69,GB,1713209909
33,abepura,-2.6333,140.5833,24.45,100,40,0.0,ID,1713210096
34,tual,-5.6667,132.75,28.27,78,98,4.1,ID,1713210096
35,hamilton,39.1834,-84.5333,30.05,48,0,2.24,US,1713209626
36,maceio,-9.6658,-35.7353,30.69,79,40,4.12,BR,1713210096
37,keflavik,64.0049,-22.5624,2.95,51,0,7.72,IS,1713210097
38,rucava,56.1585,21.1619,1.95,89,59,1.78,LV,1713210097
39,iqaluit,63.7506,-68.5145,-2.15,50,20,5.66,CA,1713210097
40,kaa-khem,51.6833,94.7333,10.23,58,57,1.12,RU,1713210097
41,jamestown,42.097,-79.2353,16.12,29,0,4.92,US,1713209520
42,gamba,-2.65,10.0,26.91,90,41,2.33,GA,1713210097
43,la passe,45.5549,-0.8967,12.77,82,97,8.41,FR,1713210097
44,adamstown,-25.066,-130.1015,22.24,68,85,6.02,PN,1713210097
45,bethel,41.3712,-73.414,24.33,28,20,6.17,US,1713210097
46,olonkinbyen,70.9221,-8.7187,-3.4,89,100,7.06,SJ,1713210097
47,kone,-21.0595,164.8658,22.86,85,75,1.76,NC,1713210098
48,road town,18.4167,-64.6167,29.02,74,75,5.66,VG,1713210098
49,magadan,59.5667,150.8,-10.82,92,99,0.78,RU,1713209912
50,thunder bay,48.4001,-89.3168,14.99,26,40,6.69,CA,1713209813
51,borkum,53.5809,6.6915,7.19,68,64,13.18,DE,1713210098
52,chui,-33.6971,-53.4616,22.54,95,100,7.17,UY,1713210098
53,nuku'alofa,-21.1333,-175.2,24.19,88,20,2.57,TO,1713210098
54,itamaraca,-7.7478,-34.8256,30.03,81,31,4.01,BR,1713210098
55,west island,-12.1568,96.8225,26.99,89,75,3.09,CC,1713210098
56,yellowknife,62.456,-114.3525,1.29,60,20,6.17,CA,1713209937
57,veraval,20.9,70.3667,29.12,57,85,8.53,IN,1713210098
58,ciudad lazaro cardenas,17.9583,-102.2,29.32,53,100,4.47,MX,1713210093
59,crane,31.3974,-102.3501,34.73,10,99,14.39,US,1713210099
60,talnakh,69.4865,88.3972,-21.55,100,99,2.26,RU,1713210099
61,saundatti,15.7833,75.1167,31.21,33,69,1.88,IN,1713210099
62,humaita,-7.5061,-63.0208,31.81,59,80,1.36,BR,1713210099
63,ikryanoye,46.0932,47.7308,16.99,77,100,6.75,RU,1713210099
64,nuuk,64.1835,-51.7216,0.34,100,100,2.06,GL,1713210099
65,bredasdorp,-34.5322,20.0403,17.46,96,66,3.58,ZA,1713209983
66,alta sierra,35.7291,-118.5495,6.55,60,26,3.32,US,1713210099
67,cururupu,-1.8283,-44.8683,27.01,88,97,1.51,BR,1713210100
68,tiksi,71.6872,128.8694,-6.35,87,100,3.47,RU,1713210100
69,kohtla-jarve,59.3986,27.2731,3.59,95,100,4.53,EE,1713210100
70,mishkino,55.3389,63.9175,3.78,75,42,5.21,RU,1713210100
71,okhotsk,59.3833,143.3,-7.33,85,100,2.82,RU,1713210100
72,verkhnevilyuysk,63.4453,120.3167,-4.97,92,98,2.74,RU,1713210100
73,invercargill,-46.4,168.35,12.23,91,100,2.24,NZ,1713210100
74,papatowai,-46.5619,169.4708,13.67,69,100,4.8,NZ,1713209983
75,puerto deseado,-47.7503,-65.8938,16.78,56,6,9.68,AR,1713210079
76,palopo,-2.9996,120.1921,24.37,93,100,1.49,ID,1713210100
77,queenstown,-31.8976,26.8753,13.13,87,2,2.1,ZA,1713210101
78,ust'-ilimsk,58.0006,102.6619,2.47,98,100,2.24,RU,1713210101
79,castillos,-34.1667,-53.8333,21.62,98,100,5.83,UY,1713210101
80,nemuro,43.3236,145.575,3.62,99,100,6.13,JP,1713209937
81,fish town,5.1964,-7.8756,24.95,95,96,1.39,LR,1713210101
82,dohad,22.8333,74.2667,30.43,30,97,4.85,IN,1713210101
83,puerto baquerizo moreno,-0.9,-89.6,30.55,66,20,5.14,EC,1713210008
84,longyearbyen,78.2186,15.6401,-15.09,66,40,5.14,SJ,1713210101
85,iskateley,67.6803,53.1512,0.01,100,100,4.02,RU,1713210101
86,oran,35.6911,-0.6417,19.96,55,0,5.14,DZ,1713210101
87,longjing,42.7714,129.4233,11.9,80,100,1.59,CN,1713210102
88,blackmans bay,-43.0167,147.3167,10.85,81,79,1.24,AU,1713209984
89,swift current,50.2834,-107.8014,20.45,26,0,6.69,CA,1713210102
90,san ignacio,17.1561,-89.0714,35.08,43,40,4.12,BZ,1713210102
91,minas de marcona,-15.2119,-75.1103,18.21,81,87,8.2,PE,1713210102
92,taguatinga,-12.3857,-46.5711,32.02,48,40,1.02,BR,1713210102
93,broken hill,-31.95,141.4333,15.23,39,1,3.23,AU,1713210102
94,kabare,-2.4683,28.8242,16.68,95,92,0.92,CD,1713210103
95,chonchi,-42.6128,-73.8092,16.73,68,38,2.93,CL,1713210103
96,ebon,4.582,168.6964,27.85,80,40,3.74,MH,1713210103
97,rongelap,11.1635,166.8941,27.23,81,40,8.05,MH,1713210103
98,hasaki,35.7333,140.8333,13.22,77,100,5.75,JP,1713209983
99,luderitz,-26.6481,15.1594,14.87,78,0,2.97,NA,1713210103
100,mooroopna,-36.4,145.35,10.69,77,3,2.64,AU,1713210104
101,puerto natales,-51.7236,-72.4875,16.25,59,0,2.06,CL,1713209880
102,afaahiti,-17.75,-149.2833,27.93,87,100,8.16,PF,1713210104
103,ubari,26.5921,12.7805,25.75,19,32,7.35,LY,1713210104
104,kaohsiung,22.6163,120.3133,26.13,88,20,1.54,TW,1713210104
105,puerto ayora,-0.7393,-90.3518,30.98,93,88,2.68,EC,1713210104
106,touros,-5.1989,-35.4608,28.37,78,15,5.27,BR,1713210104
107,muncar,-8.4333,114.3333,24.51,94,61,0.92,ID,1713210104
108,port mathurin,-19.6833,63.4167,26.81,79,70,6.73,MU,1713210105
109,porto novo,6.4965,2.6036,29.9,78,92,2.99,BJ,1713210105
110,port shepstone,-30.7414,30.455,21.49,88,100,6.44,ZA,1713210105
111,port macquarie,-31.4333,152.9167,17.16,76,100,1.44,AU,1713209895
112,san julian,21.0167,-102.1667,31.35,14,100,3.39,MX,1713210105
113,udachny,66.4167,112.4,-8.64,96,97,2.59,RU,1713210105
114,pelabuhanratu,-6.9875,106.5514,26.43,88,33,1.45,ID,1713210105
115,constantia,44.1833,28.65,18.38,67,100,5.57,RO,1713210105
116,sandnessjoen,66.0217,12.6316,2.06,64,20,3.6,NO,1713210106
117,nikolayevsk-on-amure,53.1406,140.73,5.12,93,100,2.24,RU,1713210106
118,faya-largeau,17.9257,19.1043,31.84,9,72,5.53,TD,1713210106
119,aral,40.5156,81.2636,17.74,13,59,3.05,CN,1713210106
120,leua,48.2156,18.6071,11.83,94,100,1.54,SK,1713210106
121,sao geraldo do araguaia,-6.4006,-48.555,27.9,91,100,1.33,BR,1713210106
122,christchurch,-43.5333,172.6333,9.15,93,100,1.03,NZ,1713210037
123,manokwari,-0.8667,134.0833,25.78,85,100,2.64,ID,1713210106
124,al muwayh,22.4333,41.7583,20.51,44,4,8.78,SA,1713210106
125,carentan,49.3031,-1.2481,9.82,69,87,8.01,FR,1713210106
126,gadzhiyevo,69.2551,33.3362,-2.47,87,100,9.82,RU,1713210106
127,salalah,17.0151,54.0924,29.05,74,75,5.14,OM,1713210107
128,fale old settlement,-9.3852,-171.2468,26.87,85,100,3.57,TK,1713210107
129,yen vinh,18.6667,105.6667,24.5,94,0,0.89,VN,1713210107
130,boda,4.3189,17.4695,28.77,46,69,1.21,CF,1713210107
131,georgetown,5.4112,100.3354,28.96,83,20,1.54,MY,1713209811
132,bardai,11.65,7.2333,30.99,18,100,3.74,NG,1713210107
133,cabo san lucas,22.8909,-109.9124,28.67,57,20,4.47,MX,1713210107
134,flying fish cove,-10.4217,105.6791,26.82,83,40,5.66,CX,1713210107
135,port blair,11.6667,92.75,28.02,89,20,1.03,IN,1713209818
136,yass,-34.8333,148.9167,6.68,84,6,1.2,AU,1713210108
137,boulazac,45.1167,0.75,11.84,69,77,4.71,FR,1713210108
138,tazovsky,67.4667,78.7,-23.1,98,74,2.86,RU,1713210108
139,ilulissat,69.2167,-51.1,-6.99,58,20,2.57,GL,1713210108
140,siocon,7.7061,122.1353,26.55,84,100,3.28,PH,1713210108
141,conceicao da barra,-18.5933,-39.7322,25.99,76,29,3.32,BR,1713210108
142,newman,37.3138,-121.0208,17.38,69,100,3.58,US,1713210108
143,egletons,45.4034,2.0507,8.96,90,85,4.18,FR,1713210108
144,fortuna,40.5982,-124.1573,14.96,75,100,4.63,US,1713210108
145,nizhnyaya salda,58.0776,60.7202,2.54,74,58,4.09,RU,1713210108
146,xankandi,39.8177,46.7528,8.72,89,9,2.66,AZ,1713210109
147,marion,39.7684,-86.1555,28.91,48,20,2.57,US,1713210109
148,longquan,24.6719,102.1613,16.57,51,0,2.29,CN,1713210109
149,johi,26.6921,67.6133,29.6,43,100,4.79,PK,1713210109
150,karratha,-20.7377,116.8463,26.51,69,0,4.44,AU,1713210109
151,alofi,-19.0595,-169.9187,25.94,94,98,2.57,NU,1713210110
152,ribeira grande,38.5167,-28.7,19.22,82,40,6.17,PT,1713210110
153,qaqortoq,60.7167,-46.0333,1.44,99,100,3.07,GL,1713209937
154,opuwo,-18.0607,13.84,25.16,40,54,2.92,NA,1713210110
155,correntina,-13.3433,-44.6367,26.22,62,100,3.25,BR,1713210110
156,hermanus,-34.4187,19.2345,18.22,93,2,4.32,ZA,1713210110
157,sechura,-5.5569,-80.8222,28.76,54,41,6.26,PE,1713210110
158,taldykorgan,45.0156,78.3739,14.7,64,100,1.04,KZ,1713210110
159,al minya,28.1099,30.7503,23.7,26,71,2.79,EG,1713210110
160,slavgorod,52.9978,78.6449,1.6,72,5,3.39,RU,1713210110
161,zhanga buqtyrma,49.6295,83.5248,6.27,75,81,1.17,KZ,1713210111
162,pisco,-13.7,-76.2167,24.03,69,75,8.75,PE,1713210111
163,maintirano,-18.0667,44.0167,26.1,83,40,2.29,MG,1713210111
164,palikir - national government center,6.9248,158.1611,27.44,81,87,4.31,FM,1713210111
165,codrington,-38.2667,141.9667,11.85,90,100,1.83,AU,1713210111
166,kingston,17.997,-76.7936,31.2,72,75,4.12,JM,1713210096
167,ilek,51.5271,53.3831,10.75,93,71,5.95,RU,1713210111
168,isafjordur,66.0755,-23.124,-3.2,86,98,4.44,IS,1713210111
169,rio grande,-32.035,-52.0986,26.06,90,100,10.06,BR,1713209895
170,kuqa,41.7278,82.9364,17.98,17,100,1.64,CN,1713210112
171,endasak,-4.4167,35.5167,16.12,100,100,1.64,TZ,1713210112
172,charters towers,-20.1,146.2667,22.12,80,87,4.6,AU,1713210112
173,kruisfontein,-34.0033,24.7314,19.94,89,54,5.58,ZA,1713210112
174,ta'izz,13.5,44.0,24.91,56,14,1.28,YE,1713210112
175,petropavlovsk-kamchatsky,53.0452,158.6483,0.43,94,75,2.0,RU,1713210112
176,eforie sud,44.0229,28.6494,18.45,67,96,5.84,RO,1713210112
177,yuzhno-kurilsk,44.0306,145.8556,5.76,89,100,4.17,RU,1713210112
178,haiku-pauwela,20.9219,-156.3051,22.8,93,75,8.23,US,1713210112
179,lichuan,30.3,108.85,15.81,95,40,1.18,CN,1713210112
180,ust-nera,64.5667,143.2,-20.31,88,90,1.32,RU,1713210112
181,polyarnyy,69.1989,33.4478,-2.76,88,100,9.6,RU,1713210113
182,medina,24.4686,39.6142,21.24,49,40,11.32,SA,1713209861
183,thompson,55.7435,-97.8558,6.09,70,100,2.06,CA,1713210057
184,baskil,38.5679,38.8238,8.91,55,0,0.56,TR,1713210113
185,fort-shevchenko,44.5086,50.263,13.24,76,100,5.85,KZ,1713210113
186,corato,41.1455,16.4139,22.02,46,100,4.05,IT,1713210113
187,yangambi,0.8102,24.4336,23.01,94,63,0.32,CD,1713210113
188,new norfolk,-42.7826,147.0587,11.51,91,65,1.1,AU,1713210113
189,cidreira,-30.1811,-50.2056,23.28,93,100,11.26,BR,1713210113
190,severo-yeniseyskiy,60.3725,93.0408,-10.6,93,100,3.96,RU,1713210113
191,konarka,19.9,86.1167,29.22,80,0,6.36,IN,1713210113
192,usogorsk,63.4106,48.6872,1.48,96,100,4.4,RU,1713210114
193,kununurra,-15.7667,128.7333,22.99,78,18,2.06,AU,1713210114
194,asosa,10.0667,34.5333,24.95,17,9,0.61,ET,1713210114
195,banda aceh,5.5577,95.3222,27.58,79,66,1.78,ID,1713210114
196,nguigmi,14.2495,13.1092,33.32,9,100,2.88,NE,1713210114
197,waddan,29.1614,16.139,29.38,18,98,5.44,LY,1713210114
198,vila franca do campo,37.7167,-25.4333,18.27,99,100,5.94,PT,1713210114
199,sinabang,2.4803,96.3801,27.17,84,100,1.02,ID,1713210114
200,siracusa,37.0881,15.2792,20.73,59,100,1.82,IT,1713210114
201,kimbe,-5.5502,150.1429,25.0,91,94,1.64,PG,1713210115
202,cadale,2.7603,46.3222,29.78,79,98,6.6,SO,1713210115
203,dalandzadgad,43.5708,104.425,9.6,22,12,4.13,MN,1713210115
204,gonabad,34.3529,58.6837,14.38,53,33,5.33,IR,1713210115
205,enewetak,11.3474,162.3373,27.43,79,61,7.61,MH,1713210115
206,belyayevka,51.3974,56.4096,11.73,86,100,8.03,RU,1713210115
207,cardenas,23.0375,-81.2047,28.42,51,0,7.65,CU,1713210115
208,praia da vitoria,38.7333,-27.0667,17.64,94,75,9.53,PT,1713210116
209,wailua homesteads,22.0669,-159.378,24.3,72,100,2.06,US,1713210116
210,libourne,44.9167,-0.25,13.28,75,95,5.67,FR,1713210116
211,freetown,8.484,-13.2299,28.84,70,20,4.12,SL,1713210116
212,cosala,24.4125,-106.6908,36.94,13,99,4.36,MX,1713210116
213,tobol'sk,58.2,68.2667,1.45,42,7,0.89,RU,1713210116
214,port elizabeth,-33.918,25.5701,21.17,92,75,4.12,ZA,1713210116
215,olinda,-8.0089,-34.8553,29.85,79,40,5.14,BR,1713210091
216,kill devil hills,36.0307,-75.676,27.01,44,0,7.72,US,1713209916
217,san vicente,-26.6167,-54.1333,21.92,97,100,2.85,AR,1713210116
218,geraldton,-28.7667,114.6,19.23,55,0,2.57,AU,1713210116
219,alaghsas,17.0187,8.0168,31.33,13,34,5.93,NE,1713210117
220,saint-joseph,-21.3667,55.6167,24.21,86,96,6.86,RE,1713210117
221,labytnangi,66.6572,66.4183,-5.35,97,100,2.73,RU,1713210117
222,port alfred,-33.5906,26.891,20.1,95,69,1.79,ZA,1713210117
223,motygino,58.1831,94.7592,-1.77,86,100,4.5,RU,1713210117
224,saipan,15.1355,145.701,26.39,83,75,2.57,MP,1713209937
225,sitka,57.0531,-135.33,6.94,65,0,2.06,US,1713210117
226,taoudenni,22.6783,-3.9836,28.15,16,0,3.72,ML,1713210117
227,marrakesh,31.6315,-8.0083,30.04,14,0,3.6,MA,1713210051
228,turkestan,43.3333,68.25,14.29,87,100,3.79,KZ,1713210117
229,burlington,39.8835,-74.6413,29.9,36,0,5.66,US,1713210048
230,vernon,50.2581,-119.2691,18.2,36,100,2.57,CA,1713210110
231,holdrege,40.4403,-99.3698,28.04,51,75,12.86,US,1713210117
232,arraial do cabo,-22.9661,-42.0278,26.98,83,0,8.75,BR,1713209823
233,wakkanai,45.4094,141.6739,8.27,71,98,4.21,JP,1713210118
234,abu jibeha,11.4562,31.2285,32.35,10,81,3.58,SD,1713210118
235,mossel bay,-34.1831,22.146,16.96,91,58,7.66,ZA,1713210118
236,brokopondo,4.75,-55.1667,27.86,84,34,4.39,SR,1713210118
237,anadyr,64.75,177.4833,-19.72,76,100,7.0,RU,1713210118
238,mejit,10.2753,170.8646,27.01,84,37,8.83,MH,1713210118
239,veydelevka,50.1521,38.4492,10.17,82,100,4.45,RU,1713210118
240,el calafate,-50.3408,-72.2768,13.79,54,98,1.83,AR,1713210118
241,chernyshevskiy,63.0128,112.4714,-0.32,99,100,2.11,RU,1713210119
242,guazacapan,14.0742,-90.4167,31.27,31,27,5.91,GT,1713210119
243,suomussalmi,64.8869,28.9078,0.91,99,100,2.97,FI,1713210119
244,kerikeri,-35.2268,173.9474,13.32,89,8,1.48,NZ,1713210119
245,tangalle,6.024,80.7911,27.0,85,97,4.26,LK,1713210119
246,punta arenas,-53.15,-70.9167,19.01,67,0,5.14,CL,1713209997
247,sale,34.0389,-6.8166,20.38,52,20,4.63,MA,1713210119
248,whitehorse,60.7161,-135.0538,1.72,43,75,3.09,CA,1713210119
249,zarghun shahr,32.8473,68.4457,7.62,61,0,6.3,AF,1713210119
250,amga,60.8953,131.9608,-14.76,99,100,1.37,RU,1713210119
251,carroll,39.5501,-77.0164,28.17,46,0,4.63,US,1713209908
252,santa cruz,-17.8,-63.1667,20.03,88,100,3.09,BO,1713209907
253,pemangkat,1.1667,108.9667,26.22,88,100,3.08,ID,1713210120
254,vilyuysk,63.7553,121.6247,-5.0,89,95,4.02,RU,1713210120
255,mahenge,-8.6833,36.7167,18.38,88,100,1.03,TZ,1713210120
256,vorgashor,67.5833,63.95,-4.55,96,100,6.79,RU,1713210121
257,peniche,39.3558,-9.3811,15.62,87,4,9.66,PT,1713210121
258,miyang,24.4042,103.4428,17.72,49,0,2.01,CN,1713210122
259,fisterra,42.9049,-9.2629,13.19,78,9,9.76,ES,1713210122
260,college,64.8569,-147.8028,1.72,56,20,1.54,US,1713209920
261,revda,56.801,59.9303,3.05,79,33,3.69,RU,1713210122
262,nema,57.5067,50.5011,6.76,85,100,7.75,RU,1713210123
263,vilyuchinsk,52.9306,158.4028,1.25,84,100,0.52,RU,1713210123
264,midland,31.9974,-102.0779,31.38,34,0,7.72,US,1713209925
265,san antonio de pale,-1.4014,5.6325,28.32,83,13,4.76,GQ,1713210123
266,byron bay,-28.65,153.6167,16.51,88,100,2.13,AU,1713210123
267,horsham,51.064,-0.3272,9.11,59,20,8.23,GB,1713210124
268,polohy,47.4844,36.2536,15.48,91,100,2.56,UA,1713210124
269,aberdeen,57.1437,-2.0981,7.33,88,100,8.75,GB,1713209927
270,avarua,-21.2078,-159.775,27.03,78,75,7.72,CK,1713209997
271,st. john's,47.5649,-52.7093,11.66,62,75,8.23,CA,1713209947
272,filipstad,59.7124,14.1683,2.77,62,83,2.4,SE,1713210124
273,chipinge,-20.1883,32.6236,14.03,91,0,2.72,ZW,1713210125
274,kirakira,-10.4544,161.9205,27.39,88,100,5.55,SB,1713210125
275,santa isabel,-23.3156,-46.2214,28.84,97,100,0.99,BR,1713210125
276,lakatoro,-16.0999,167.4164,27.26,82,100,8.35,VU,1713210125
277,grand falls-windsor,48.9332,-55.6649,12.5,56,86,3.58,CA,1713210125
278,aracati,-4.5617,-37.7697,28.36,76,81,2.79,BR,1713210126
279,ambodifotatra,-16.9833,49.85,27.28,80,72,6.96,MG,1713210126
280,andergrove,-21.0833,149.1833,24.25,78,18,6.8,AU,1713210126
281,maragogi,-9.0122,-35.2225,26.97,86,41,3.08,BR,1713210126
282,bakchar,57.0186,82.0711,-9.54,97,53,0.84,RU,1713210126
283,yeed,4.55,43.0333,31.53,50,100,4.05,SO,1713210126
284,carrigaline,51.8117,-8.3986,7.86,70,75,7.72,IE,1713210126
285,gwadar,25.1216,62.3254,25.64,70,100,2.86,PK,1713210127
286,carnarvon,-24.8667,113.6333,24.47,48,16,3.65,AU,1713210127
287,galesburg,40.9478,-90.3712,26.12,30,0,4.12,US,1713210127
288,tolanaro,-25.0319,46.9987,21.04,94,75,4.63,MG,1713210127
289,papao,-17.75,-149.55,28.82,87,100,9.76,PF,1713210127
290,howrah,22.5892,88.3103,30.0,79,20,4.63,IN,1713210127
291,mogocha,53.7333,119.7667,-8.98,96,8,1.4,RU,1713210128
292,lebu,-37.6167,-73.65,16.73,72,10,5.41,CL,1713210128
293,khandyga,62.6667,135.6,-19.99,99,100,0.6,RU,1713210128
294,sangmelima,2.9333,11.9833,21.57,97,22,0.85,CM,1713210128
295,quellon,-43.1167,-73.6167,14.65,77,52,5.67,CL,1713210128
296,nova sintra,14.8667,-24.7167,22.92,87,0,6.93,CV,1713210128
297,al ghayzah,16.2079,52.176,27.73,79,7,7.41,YE,1713210128
298,prado,-17.3411,-39.2208,25.75,83,100,5.47,BR,1713210129
299,matadi,-5.8167,13.45,26.91,90,59,1.4,CD,1713210129
300,kasongo,-4.45,26.6667,20.7,92,82,0.83,CD,1713210129
301,mahriz,31.5917,54.4318,19.28,29,71,0.98,IR,1713210129
302,ondo,7.1,4.8333,24.05,94,100,0.53,NG,1713210129
303,al fqih ben calah,32.5009,-6.6906,26.4,29,100,7.44,MA,1713210129
304,klyuchi,52.2667,79.1667,2.76,74,10,4.25,RU,1713210129
305,remire-montjoly,4.9167,-52.2667,31.02,70,100,5.66,GF,1713210126
306,camayenne,9.535,-13.6878,29.05,65,0,5.14,GN,1713210129
307,barra de santo antonio,-9.4047,-35.5072,30.6,79,16,3.43,BR,1713210130
308,nicoya,10.1483,-85.452,37.34,28,20,3.01,CR,1713210130
309,kokuy,52.2037,117.5529,-0.51,88,2,1.1,RU,1713210130
310,kidal,18.4411,1.4078,26.84,13,73,4.87,ML,1713210130
311,kani keli,-12.9536,45.1033,27.59,72,100,1.91,YT,1713210130
312,arkhangel'sk,64.5401,40.5433,3.06,100,100,3.0,RU,1713210130
313,hadibu,12.65,54.0333,27.28,75,62,3.26,YE,1713210130
314,amahai,-3.3333,128.9167,26.22,86,100,1.7,ID,1713210131
315,turpan,42.9333,89.1667,20.74,12,84,1.23,CN,1713210131
316,turochak,52.2576,87.1224,7.47,90,100,1.53,RU,1713210131
317,padang,-0.9492,100.3543,27.03,89,100,2.08,ID,1713210131
318,awjilah,29.1081,21.2869,26.03,16,100,4.34,LY,1713210131
319,kapuskasing,49.4169,-82.4331,9.0,31,75,9.77,CA,1713210131
320,peace river,56.2501,-117.286,10.17,43,75,7.2,CA,1713210131
321,poli,-3.3333,36.8,15.09,94,100,1.02,TZ,1713210132
322,sorsk,54.0033,90.2467,-0.01,91,10,2.32,RU,1713210132
323,alma,48.5501,-71.6491,13.07,38,96,3.05,CA,1713210132
324,pacifica,37.6138,-122.4869,18.02,75,75,3.6,US,1713210070
325,port lincoln,-34.7333,135.8667,14.37,80,2,3.57,AU,1713210132
326,nar'yan-mar,67.6713,53.087,0.06,100,100,4.02,RU,1713210132
327,grootfontein,-19.5667,18.1167,22.34,59,99,2.18,NA,1713210132
328,salahonda,2.1019,-78.7217,26.84,85,100,4.4,CO,1713210132
329,island harbour,50.724,-1.2758,8.32,78,71,4.02,GB,1713210132
330,yantongshan,43.2919,126.0094,6.79,90,7,2.85,CN,1713210133
331,taltal,-25.4,-70.4833,18.86,56,0,1.88,CL,1713210020
332,port hueneme,34.1478,-119.1951,21.29,68,0,4.63,US,1713210133
333,okahandja,-21.9833,16.9167,21.16,31,95,4.3,NA,1713210133
334,kutum,14.2,24.6667,25.24,11,99,4.19,SD,1713210133
335,coronel dorrego,-38.7187,-61.2873,18.44,97,100,6.77,AR,1713210133
336,newnham,-41.3833,147.1333,7.59,93,100,2.06,AU,1713210133
337,utrik,11.2278,169.8474,26.96,82,52,8.83,MH,1713210133
338,colonia,50.9333,6.95,7.12,82,50,6.36,DE,1713209987
339,iquique,-20.2208,-70.1431,23.02,78,5,5.86,CL,1713210071
340,kodinsk,58.6881,99.1844,3.02,99,100,5.2,RU,1713210134
341,buka,40.8108,69.1986,14.2,88,100,1.55,UZ,1713210134
342,malvan,16.0667,73.4667,28.0,81,37,2.97,IN,1713210134
343,madalena,41.2162,-8.3345,18.59,74,0,0.45,PT,1713210134
344,hilo,19.7297,-155.09,28.49,82,0,2.06,US,1713209940
345,chinde,26.8418,88.0763,20.66,40,76,2.95,NP,1713210134
346,dhidhdhoo,6.8833,73.1,29.38,75,100,1.56,MV,1713210134
347,soto la marina,23.7667,-98.2167,37.15,31,98,9.31,MX,1713210134
348,bousso,10.4795,16.7117,37.71,20,96,2.68,TD,1713210134
349,alice springs,-23.7,133.8833,9.75,76,33,3.09,AU,1713210010
350,mangrol,21.1167,70.1167,28.51,60,99,9.29,IN,1713210134
351,portland,45.5234,-122.6762,14.12,64,75,3.6,US,1713210017
352,farasan,16.7022,42.1183,28.48,70,38,4.61,SA,1713210135
353,mana,5.6592,-53.7767,27.84,78,100,5.4,GF,1713210135
354,anori,-3.7728,-61.6442,28.1,92,100,1.32,BR,1713210135
355,al bawiti,28.3492,28.8659,22.36,26,65,4.1,EG,1713210135
356,alesund,62.4723,6.1549,7.08,65,0,5.66,NO,1713210135
357,novaya igirma,57.1334,103.9112,4.27,96,100,3.13,RU,1713210135
358,manaus,-3.1019,-60.025,32.27,66,40,3.6,BR,1713209925
359,tsiombe,-25.3,45.4833,21.7,78,24,6.56,MG,1713210135
360,tezonapa,18.6092,-96.6917,35.89,26,100,2.41,MX,1713210136
361,emet,39.343,29.2585,16.29,33,0,2.34,TR,1713210136
362,esquina,-30.0144,-59.5272,18.04,91,100,3.02,AR,1713209994
363,megion,61.0296,76.1136,-11.99,87,9,3.5,RU,1713210136
364,kattivakkam,13.2167,80.3167,29.05,77,97,3.92,IN,1713210136
365,tonghae,37.5439,129.1069,12.74,86,0,3.32,KR,1713210136
366,sosnovskoye,55.8052,43.167,6.21,82,100,5.77,RU,1713210136
367,akureyri,65.6835,-18.0878,-0.04,64,75,6.17,IS,1713210136
368,moyale,3.5167,39.0584,23.25,67,100,2.84,KE,1713210136
369,korla,41.7597,86.1469,18.64,14,47,6.91,CN,1713210137
370,aykhal,66.0,111.5,-5.96,100,100,2.55,RU,1713210137
371,leh,34.1667,77.5833,-2.81,83,100,1.07,IN,1713210137
372,sosnovo-ozerskoye,52.5249,111.5418,-0.26,82,68,2.29,RU,1713210137
373,novyy urgal,51.0736,132.5642,11.72,72,100,4.24,RU,1713210137
374,bubaque,11.2833,-15.8333,24.82,83,100,7.4,GW,1713210137
375,holualoa,19.6228,-155.9522,25.31,77,40,10.8,US,1713210137
376,alpinopolis,-20.8636,-46.3881,24.92,69,92,1.89,BR,1713210106
377,pskov,57.8136,28.3496,6.06,100,75,9.83,RU,1713210137
378,happy valley-goose bay,53.3168,-60.3315,11.17,32,40,7.72,CA,1713210138
379,fort bragg,35.139,-79.006,32.47,31,0,4.02,US,1713210138
380,weno,7.4515,151.8468,26.97,89,100,1.54,FM,1713210138
381,alpena,45.0617,-83.4327,17.18,52,100,5.14,US,1713210138
382,east london,-33.0153,27.9116,21.11,89,82,5.75,ZA,1713210138
383,galliano,29.4422,-90.2992,28.89,54,40,4.63,US,1713210138
384,vadso,70.0744,29.7487,-0.51,74,75,9.26,NO,1713210139
385,dudinka,69.4058,86.1778,-21.32,100,97,2.12,RU,1713210139
386,susuman,62.7833,148.1667,-25.57,97,65,0.45,RU,1713210139
387,palmer,42.1584,-72.3287,23.65,40,9,3.13,US,1713210116
388,loushanguan,28.1375,106.82,17.59,91,100,2.52,CN,1713210139
389,grand-lahou,5.1367,-5.0242,28.56,84,24,3.12,CI,1713210139
390,carbonear,47.7332,-53.2148,11.91,72,53,5.41,CA,1713210139
391,makarov,48.6333,142.8,6.34,70,100,3.2,RU,1713210139
392,nizhnesortymskiy,62.4397,71.7603,-9.61,88,62,4.95,RU,1713210139
393,jagdalpur,19.0667,82.0333,27.93,38,48,0.81,IN,1713210140
394,rabo de peixe,37.8,-25.5833,17.77,99,75,7.2,PT,1713210140
395,nautanwa,27.4333,83.4167,27.98,28,65,2.47,IN,1713210140
396,carahue,-38.7,-73.1667,19.48,54,13,3.79,CL,1713210140
397,chishmy,54.5765,55.3764,10.13,80,100,8.29,RU,1713210140
398,sabang,5.8933,95.3214,29.11,75,11,0.78,ID,1713210141
399,tadine,-21.55,167.8833,23.39,66,98,6.56,NC,1713210141
400,kapenguria,1.2511,35.0895,16.08,74,100,2.05,KE,1713210141
401,al kharijah,25.4514,30.5464,22.86,29,30,3.14,EG,1713210141
402,torghay,49.6339,63.4981,9.13,62,34,4.13,KZ,1713210141
403,wamba,8.9333,8.6,31.93,43,99,1.13,NG,1713210141
404,mount isa,-20.7333,139.5,15.87,88,64,2.06,AU,1713210141
405,bismarck,46.8083,-100.7837,13.48,71,75,10.8,US,1713209937
406,ola,59.5833,151.2833,-10.48,87,93,2.57,RU,1713210142
407,moscow,55.7522,37.6156,6.32,74,41,5.47,RU,1713209918
408,hovd,48.0056,91.6419,8.43,47,9,3.46,MN,1713210142
409,aksakovo,43.25,27.8167,21.89,46,48,1.54,BG,1713210142
410,luis correia,-2.8792,-41.6669,31.0,70,75,3.6,BR,1713210143
411,esmeraldas,-19.7625,-44.3139,28.58,74,77,2.0,BR,1713209911
412,conception bay south,47.4999,-52.9981,11.53,66,98,6.5,CA,1713209863
413,port saint john's,-31.6229,29.5448,21.1,90,98,4.7,ZA,1713210143
414,gizo,-8.103,156.8419,28.22,77,100,2.51,SB,1713210143
415,kebomas,-7.1667,112.6333,26.76,94,15,1.75,ID,1713209956
416,pesqueira,-8.3578,-36.6964,23.68,79,27,4.88,BR,1713209909
417,cabedelo,-6.9811,-34.8339,30.37,83,28,5.5,BR,1713209939
418,tuntum,-5.2581,-44.6489,27.75,92,100,1.31,BR,1713210143
419,kuressaare,58.2481,22.5039,4.45,91,100,2.57,EE,1713210144
420,svetlyy,54.675,20.1347,6.31,76,36,3.1,RU,1713210144
421,kavaratti,10.5669,72.642,29.54,73,100,2.48,IN,1713210144
422,bueng kan,18.363,103.6519,29.95,60,0,2.55,TH,1713210144
423,bandar abbas,27.1865,56.2808,26.99,78,40,2.06,IR,1713210144
424,tura,25.5198,90.2201,26.93,35,100,2.24,IN,1713210144
425,acarau,-2.8856,-40.12,27.68,84,99,4.36,BR,1713210144
426,kudat,6.8837,116.8477,27.96,89,6,2.57,MY,1713210144
427,kayangel,8.0823,134.7173,27.94,81,99,8.44,PW,1713210144
428,kupang,-10.1667,123.5833,28.32,89,100,3.6,ID,1713210144
429,trebisacce,39.8708,16.5312,18.53,25,100,1.73,IT,1713210145
430,wenchang,30.904,118.4887,19.89,98,100,3.08,CN,1713210145
431,nova olinda do norte,-3.8881,-59.0942,29.41,81,75,1.62,BR,1713210145
432,xiongzhou,25.1167,114.3,23.24,91,33,1.36,CN,1713210145
433,novodvinsk,64.4165,40.8122,2.86,99,100,1.6,RU,1713210145
434,kapa'a,22.0752,-159.319,25.05,69,100,2.06,US,1713210145
435,kiunga,-6.1219,141.2906,22.62,99,100,0.75,PG,1713210146
436,senillosa,-39.0,-68.4167,12.88,78,100,2.09,AR,1713210146
437,broome,42.2506,-75.833,18.72,58,0,4.63,US,1713210146
438,burang,30.25,81.1667,-0.39,75,96,2.77,CN,1713210146
439,akjoujt,19.6969,-14.4164,32.43,7,0,4.63,MR,1713210146
440,villa gesell,-37.2639,-56.973,21.14,97,100,11.73,AR,1713209951
441,coquimbo,-29.9533,-71.3436,17.85,77,20,7.2,CL,1713210080
442,kirtipur,27.6667,85.2833,19.96,64,40,1.54,NP,1713210146
443,qulsary,46.9531,54.0198,13.99,68,100,6.71,KZ,1713210146
444,fermo,43.1647,13.7233,18.58,67,33,1.78,IT,1713210147
445,mildura,-34.2,142.15,14.69,48,0,2.48,AU,1713210147
446,urangan,-25.3,152.9,19.0,92,6,2.24,AU,1713210147
447,ghadamis,30.1337,9.5007,21.79,26,1,4.93,LY,1713210147
448,telimele,10.9167,-13.3333,30.23,25,48,1.7,GN,1713210147
449,yeppoon,-23.1333,150.7333,19.88,72,5,6.08,AU,1713210147
450,namibe,-15.1961,12.1522,23.47,74,16,3.78,AO,1713210147
451,salinopolis,-0.6136,-47.3561,25.36,89,100,4.14,BR,1713210147
452,dainava (kaunas),54.9152,23.9683,6.0,69,0,1.03,LT,1713210148
453,agat village,13.3886,144.6585,26.52,92,100,2.06,GU,1713210148
454,ugoofaaru,5.6667,73.0,29.66,74,100,5.64,MV,1713210148
455,lang suan,9.9456,99.0785,24.72,88,77,0.9,TH,1713210148
456,las khorey,11.1595,48.1967,30.51,73,41,4.53,SO,1713210148
457,pandan,14.0453,124.1694,25.53,80,11,2.92,PH,1713210148
458,cafayate,-26.073,-65.9761,21.19,30,2,5.14,AR,1713210028
459,waycross,31.2136,-82.354,30.5,29,0,2.57,US,1713209936
460,peskovka,59.0448,52.3606,6.6,87,100,6.54,RU,1713210148
461,mistelbach,48.57,16.5767,14.35,87,100,0.89,AT,1713210148
462,thinadhoo,0.5333,72.9333,28.63,76,100,0.32,MV,1713210149
463,pauini,-7.7136,-66.9764,25.28,94,100,1.41,BR,1713210149
464,qamdo,31.1667,97.2333,2.04,46,99,2.14,CN,1713210149
465,farafangana,-22.8167,47.8333,22.66,82,100,1.78,MG,1713210149
466,presidencia roque saenz pena,-26.7852,-60.4388,16.14,96,100,1.07,AR,1713210085
467,kant,27.8,79.8,29.98,31,100,2.86,IN,1713210149
468,loukhi,66.0764,33.0381,0.69,98,100,3.98,RU,1713210149
469,mahibadhoo,3.7833,72.9667,29.39,69,100,0.59,MV,1713210150
470,baturaja,-4.1333,104.1667,24.18,98,98,0.72,ID,1713210150
471,la libertad,-2.2333,-80.9,29.81,70,40,4.63,EC,1713210150
472,kazerun,29.6195,51.6541,18.28,55,100,2.45,IR,1713210150
473,tshabong,-26.05,22.45,20.96,52,0,4.64,BW,1713210150
474,djelfa,34.6728,3.263,12.72,71,24,8.69,DZ,1713210150
475,rong kwang,18.339,100.3174,30.8,55,0,0.46,TH,1713210150
476,sao felix do xingu,-6.6447,-51.995,27.18,94,59,1.1,BR,1713210150
477,galle,6.0367,80.217,26.02,89,94,4.53,LK,1713210151
478,anzio,41.4853,12.6179,20.63,68,99,3.45,IT,1713210151
479,moussoro,13.6408,16.4901,33.64,8,16,4.87,TD,1713210151
480,isla vista,34.4133,-119.861,21.62,71,0,4.12,US,1713210151
481,gurun,5.8172,100.4738,26.88,88,10,1.7,MY,1713210151
482,zakamensk,50.3741,103.2863,5.28,55,17,1.25,RU,1713210151
483,tamanrasset,22.785,5.5228,19.95,14,0,7.72,DZ,1713210151
484,gebeit,21.0667,36.3167,20.23,52,6,2.73,SD,1713210151
485,quincy,42.2529,-71.0023,24.06,36,40,9.26,US,1713210151
486,hradyz'k,49.2346,33.1361,10.72,80,95,2.48,UA,1713210151
487,hotan,37.0997,79.9269,17.03,13,88,2.54,CN,1713210151
488,saint-leu,-21.15,55.2833,24.48,86,78,6.45,RE,1713210152
489,williams lake,52.1415,-122.1445,8.36,37,75,5.14,CA,1713210061
490,ruma,45.0081,19.8222,23.9,52,85,3.15,RS,1713210152
491,uturoa,-16.7333,-151.4333,27.31,78,90,9.13,PF,1713210152
492,isernhagen farster bauerschaft,52.4667,9.8333,7.21,86,100,7.72,DE,1713210152
493,bonham,33.5773,-96.1783,23.61,88,100,5.66,US,1713210152
494,fontem,5.4685,9.8818,22.43,82,73,1.39,CM,1713210152
495,durango,24.8333,-104.8333,31.52,8,84,5.48,MX,1713209534
496,tralee,52.2704,-9.7026,7.36,77,16,9.22,IE,1713210152
497,mocimboa,-11.3167,40.35,25.03,84,95,3.83,MZ,1713210153
498,bac lieu,9.285,105.7244,27.55,79,6,3.99,VN,1713210153
499,ulladulla,-35.35,150.4667,8.76,90,45,1.34,AU,1713210153
500,guanica,17.9716,-66.908,30.06,68,2,6.23,PR,1713210153
501,orita eruwa,7.55,3.4333,26.68,75,99,2.77,NG,1713210153
502,campoverde,-8.4753,-74.8058,33.83,33,65,1.94,PE,1713210153
503,sovetskiy,61.3614,63.5842,-0.62,91,52,2.68,RU,1713210153
504,harrisburg,40.2737,-76.8844,26.21,44,40,5.14,US,1713209890
505,nadym,65.5333,72.5167,-5.58,94,100,7.04,RU,1713210153
506,santa luzia,-19.7697,-43.8514,28.6,44,20,4.12,BR,1713210010
507,butte,39.6499,-121.5677,18.32,57,0,0.0,US,1713210153
508,xilin hot,43.9667,116.0333,4.06,27,0,2.1,CN,1713210153
509,ngorongoro,-3.2397,35.4875,12.33,97,100,2.46,TZ,1713210154
510,gampaha,7.0897,79.9925,24.96,100,20,1.54,LK,1713210154
511,qal'ah-ye shahr,35.5473,65.5676,3.53,80,66,1.26,AF,1713210154
512,lewistown,40.5992,-77.5714,24.67,69,0,5.66,US,1713210154
513,bandarbeyla,9.4942,50.8122,27.93,80,31,5.44,SO,1713210154
514,neftcala,39.3742,49.2472,13.3,79,43,3.75,AZ,1713210154
515,puerto san jose,13.9256,-90.8244,33.03,52,0,5.14,GT,1713210154
516,cooper's town,26.8667,-77.5167,21.85,64,5,5.11,BS,1713210154
517,nagyatad,46.2296,17.3579,17.04,49,77,3.19,HU,1713210154
518,lang son,21.8333,106.7333,21.95,93,100,1.64,VN,1713210154
519,la'ie,21.6477,-157.9253,26.92,73,47,3.13,US,1713210154
520,mata-utu,-13.2816,-176.1745,29.09,78,100,7.05,WF,1713210154
521,nouadhibou,20.931,-17.0347,30.99,20,0,4.12,MR,1713210155
522,al jawf,29.5,38.75,18.51,51,7,3.2,SA,1713210155
523,siavonga,-16.5382,28.7088,24.26,61,55,2.06,ZM,1713210155
524,kristiansund,63.1115,7.732,7.03,65,0,4.12,NO,1713210160
525,malinalco,18.95,-99.5,33.31,21,97,3.25,MX,1713210160
526,conduaga,8.862,117.4893,24.38,88,9,1.1,PH,1713210161
527,krasnogorskoye,52.2953,86.1979,8.94,82,100,2.27,RU,1713210161
528,mount gambier,-37.8333,140.7667,9.68,97,29,1.53,AU,1713210161
529,uruacu,-14.5247,-49.1408,29.1,70,100,0.78,BR,1713210161
530,suva,-18.1416,178.4415,23.71,100,40,0.0,FJ,1713210161
531,nagykanizsa,46.4535,16.991,18.94,66,100,2.68,HU,1713210161
532,okha,53.5739,142.9478,2.36,97,100,3.13,RU,1713210161
533,laramie,41.3114,-105.5911,16.21,16,20,9.26,US,1713210022
534,chhibramau,27.1483,79.4979,30.13,27,85,2.71,IN,1713210161
535,jiangyou,31.7667,104.7167,21.18,70,100,2.25,CN,1713210161
536,lompoc,34.6391,-120.4579,20.94,65,40,6.17,US,1713209880
537,torrington,41.8007,-73.1212,23.4,45,43,4.47,US,1713210161
538,peterhead,57.5058,-1.7981,7.22,89,100,11.0,GB,1713210162
539,mushie,-3.0167,16.9,24.38,89,11,0.47,CD,1713210162
540,kirando,-7.4167,30.6,22.02,94,99,3.82,TZ,1713210162
541,kemijarvi,66.7131,27.4306,-0.21,96,100,4.75,FI,1713210162
542,posto fiscal rolim de moura,-13.0833,-62.2667,27.28,93,100,1.31,BR,1713210162
543,mersing,2.4312,103.8405,27.95,83,20,4.63,MY,1713210162
544,natal,-5.795,-35.2094,31.36,70,20,6.17,BR,1713209961
545,midvagur,62.0511,-7.1939,4.46,75,100,10.29,FO,1713210162
546,hammerfest,70.6634,23.6821,1.25,93,75,2.06,NO,1713210162
547,cavan,53.9908,-7.3606,7.68,79,85,6.97,IE,1713210053
548,greymouth,-42.4667,171.2,10.88,89,95,1.28,NZ,1713210162
549,loen,7.7601,168.2307,27.3,82,76,4.71,MH,1713210162
550,vazante,-17.9869,-46.9078,25.52,67,100,1.08,BR,1713210163
551,san carlos,9.6612,-68.5827,38.87,22,95,3.04,VE,1713210163
552,songling,31.1933,120.7176,16.91,98,100,2.37,CN,1713210163
553,dunedin,-45.8742,170.5036,11.56,91,73,1.34,NZ,1713210163
554,margate,51.3813,1.3862,8.83,65,100,3.58,GB,1713209990
555,pangkalanbuun,-2.6833,111.6167,22.99,95,13,0.58,ID,1713210124
556,daru,-9.0763,143.2092,27.11,85,100,2.79,PG,1713210163
557,fuqing,25.725,119.3794,21.87,97,97,0.89,CN,1713210163
558,ushtobe,45.2514,77.9838,16.21,54,100,3.46,KZ,1713210163
559,souillac,-20.5167,57.5167,24.21,94,75,4.12,MU,1713210163
560,pacific grove,36.6177,-121.9166,17.16,74,75,4.02,US,1713210163
561,huarmey,-10.0681,-78.1522,24.45,74,10,6.53,PE,1713210164
562,muisne,0.6,-80.0333,25.14,93,100,0.64,EC,1713210164
563,eket,4.6412,7.9209,27.49,82,50,2.79,NG,1713210164
564,koulikoro,14.0,-7.75,28.12,10,3,4.05,ML,1713210164
565,quelimane,-17.8786,36.8883,24.97,78,20,2.32,MZ,1713210164
566,alderetes,-26.8167,-65.1333,21.04,56,55,1.81,AR,1713210164
567,karlivka,49.4567,35.1295,11.31,60,100,1.66,UA,1713210165
568,shingu,33.7333,135.9833,15.89,92,94,2.18,JP,1713210165
569,brisas de zicatela,15.8369,-97.0419,31.29,66,0,3.09,MX,1713210165
570,sao vicente,-23.9631,-46.3919,29.1,63,75,2.68,BR,1713209911
571,prince albert,53.2001,-105.7677,12.97,22,100,12.35,CA,1713210165
